model,cv_auc_mean,cv_auc_std,cv_f1_mean,cv_f1_std
RandomForest,0.8423522892775888,0.00991117083137728,0.6283052000611743,0.010594638673457437
LogisticRegression,0.8422148120551857,0.008319095315285784,0.6310807260277576,0.012573985098245671
GradientBoosting,0.83973338711657,0.011906160952554406,0.5627852862335622,0.010923930995310248
